district,year,total_exp_lakh,total_wages_lakh,person_days,avg_wage_daily,avg_days_per_hh,total_hh_worked,total_individuals,hh_100days,active_jobcards,total_jobcards,sc_persondays,st_persondays,women_persondays,works_completed,works_ongoing,pct_agri_works,pct_nrm_works,pct_timely_payment,labour_budget,log_wage,log_exp_lakh,log_person_days,exp_per_hh,log_exp_per_hh,sc_share,st_share,women_share,budget_utilisation,high_spend,time,district_id
24 parganas north,2018,248334.4821124436,154227.7738031064,15917515,126.63988094422092,45.083333333333336,209838,297435,82080,434106,724435,35055576,6184871,63514674,512348,102934,60.365,49.9725,135.32833333333335,13723052,4.841347475460351,12.422535861457938,16.582930696055787,118345.81063126963,11.681374665962784,2.2023271848652257,0.3885575732141606,3.990238049092462,1.1599107108243851,1,0,0
24 parganas north,2019,195390.905901408,126096.4479130125,14412557,142.36217953225332,37.333333333333336,242522,325192,38017,458787,759101,26426209,4887962,51493343,441896,93168,58.56666666666666,41.10916666666667,127.00166666666667,12524000,4.958374370529384,12.182762594505668,16.48361046783583,80566.26033984876,11.296847646715994,1.8335545177722454,0.3391460654760984,3.5728110563587014,1.1507950335356116,1,1,0
24 parganas north,2020,307586.876921807,216058.36515786697,18798401,157.64874140514735,39.25,323019,433169,46976,491865,919050,36565873,6829314,66555621,554778,127928,60.41916666666666,38.568333333333335,111.985,18806649,5.060369402484082,12.636516104009283,16.749282424187474,95222.53394438316,11.463982395527404,1.9451586866351027,0.36329228214676346,3.540493736674731,0.9995614317042871,0,2,0
24 parganas north,2021,313722.3624524421,191994.35056646008,16147424,186.57453976139809,34.166666666666664,309029,410879,33423,504492,987755,29108200,5431613,53590937,550290,140748,53.88583333333333,47.406666666666666,100.3125,10899987,5.228830836239107,12.65626686527389,16.59727115219614,101518.7449891247,11.52800859045766,1.8026528565794766,0.3363764399820058,3.3188536450148334,1.4814168126989509,1,3,0
24 parganas north,2022,53153.620819,45351.397389,2028361,193.3031216924111,22.25,87871,103266,83,469460,880610,7529525,1338921,12094005,192235,105412,60.692499999999995,62.145,108.63250000000001,0,5.26425953555316,10.880960319200884,14.522739128749999,60490.51543626453,11.010258393461383,3.712122743436696,0.660099952621846,5.962451950121305,,1,4,0
24 parganas north,2023,6563.47634,19.24153,0,,0.0,0,0,0,421151,873367,0,0,0,119,85397,7.7991666666666655,0.3466666666666667,0.0,0,,8.789428018132769,0.0,,,0.0,0.0,0.0,,1,5,0
24 parganas north,2024,58069.74773,0.0,0,,0.0,0,0,0,313170,873453,0,0,0,0,85386,0.0,0.0,0.0,0,,10.969417334639317,0.0,,,0.0,0.0,0.0,,1,6,0
24 parganas south,2018,490762.407290922,313875.62042868603,30868123,132.376492970133,64.16666666666667,343621,589877,159501,706808,1065551,51878605,2506970,99417730,609291,241627,59.58083333333334,50.6275,,27860878,4.88565008219703,13.103717431767402,17.245234623656653,142820.84252444466,11.869353276045263,1.6806530478059842,0.08121549859056866,3.2207248234691823,1.107937912078722,1,0,1
24 parganas south,2019,330385.54605839297,214169.978435,24378644,187.793751603841,44.0,354788,526242,38335,776386,1184542,26927264,1560660,50309541,689097,273886,56.833333333333336,36.949999999999996,130.99666666666667,23464000,5.23534429467561,12.708018599637622,17.009218102129964,93121.96186409715,11.44167606941924,1.1045431402993537,0.0640175064700071,2.0636726554602465,1.0389807364473236,1,1,1
24 parganas south,2020,892610.0895809183,658284.1676884003,50471094,178.6576931248559,47.083333333333336,796648,1171552,93085,1028462,1538943,72678834,3608633,140311107,1265453,331040,62.98333333333333,54.33916666666667,107.55083333333333,50498292,5.185471646093924,13.701906255008845,17.736911354138154,112045.73281812272,11.626671320554278,1.4400090871816649,0.07149900495519276,2.7800290399887113,0.9994614075264169,1,2,1
24 parganas south,2021,1168509.6882040561,619032.47192609,48257996,194.4610198609844,40.083333333333336,830586,1222688,74357,1063539,1749620,55650795,2487978,130760997,1397681,340719,49.36166666666667,54.92250000000001,99.96083333333333,33297815,5.270231730947541,13.97124057986321,17.692072112948402,140684.9728028231,11.85428554234591,1.1531932449080562,0.05155576704842862,2.709623437326324,1.4492841647417405,1,3,1
24 parganas south,2022,116469.6839956,105051.9961656,4362627,225.31437499546465,25.75,158114,204610,145,1022769,1416759,9970041,578129,19005032,463346,260153,45.4975,38.625,100.08166666666666,0,5.417496649199825,11.665394880798608,15.288585186036594,73661.84145338173,11.207253764511387,2.2853296878234146,0.13251854903020588,4.356327506339643,,1,4,1
24 parganas south,2023,12428.6672,2289.28086,81906,244.38221029053634,17.416666666666668,4312,5618,0,970984,1403496,70796,2485,430170,76615,197697,60.07333333333333,0.05583333333333334,100.81,0,5.498733435329578,9.427841410212299,11.313339736274271,288234.3970315399,12.571532776072775,0.8643567015847435,0.030339657656337754,5.251996190755256,,1,5,1
24 parganas south,2024,96752.77851999999,0.0,0,,0.0,0,0,0,767945,1403582,0,0,0,0,191888,23.23840909090909,0.0,0.0,0,,11.479924664599707,0.0,,,0.0,0.0,0.0,,1,6,1
alipurduar,2018,190598.16498213328,130518.2613081002,13652079,143.15017843153285,44.416666666666664,169320,294745,53048,258184,309835,23019163,17676496,41691019,184971,40098,59.030833333333334,63.291666666666664,137.45416666666668,13156690,4.963894278008823,12.15792788919649,16.429402448938827,112566.83497645482,11.63131129647717,1.6861287573855968,1.2947841863499325,3.0538219856477538,1.0376530115097338,0,0,2
alipurduar,2019,147561.27041726,99819.2359126,11684937,187.61790411681184,29.25,226705,331610,15339,268513,318661,15113632,11334524,27277411,121408,35839,40.391666666666666,55.541666666666664,107.99583333333334,11390000,5.234407469741112,11.902005537992757,16.273811219993224,65089.55268620454,11.08353469763815,1.293428625246332,0.9700115627495467,2.3344080502958637,1.0258943810359964,0,1,2
alipurduar,2020,346207.6141851606,236284.0993657,15312776,192.32203860083118,40.666666666666664,272794,407480,21596,297482,357246,32546984,25792504,59767183,211475,37250,48.5575,62.50666666666667,101.3975,15316813,5.259171251336582,12.754796803520875,16.54419813590152,126911.74079531097,11.751255048940967,2.1254790117742206,1.684378064434561,3.9030926201754665,0.9997364334212345,1,2,2
alipurduar,2021,295553.6011933001,207513.3764318,15137359,288.0081191792883,34.25,282630,425374,21559,297490,368011,24633396,23382488,51500580,114237,63100,65.69,72.065,100.42416666666666,10072248,5.662988671333322,12.596608874371224,16.532676418245803,104572.62187074978,11.557646617842018,1.6273245550957733,1.5446874187234378,3.4022169917486926,1.5028779076925032,1,3,2
alipurduar,2022,70393.124422,67403.224062,2675546,214.32291398993638,18.5,139851,170991,68,296607,326705,6768870,7475692,16040681,16725,65755,81.63083333333334,80.0675,100.52833333333332,0,5.367483821588195,11.161865078748388,14.799664403389144,50334.37331302601,10.826463355705526,2.529902307790634,2.7940809090929477,5.99529254963286,,1,4,2
alipurduar,2023,2153.7674,0.0,0,,0.0,0,0,0,292236,326712,0,0,0,2804,64548,20.845833333333335,1.245,0.0,0,,7.6754380616776405,0.0,,,0.0,0.0,0.0,,0,5,2
alipurduar,2024,,0.0,0,,0.0,0,0,0,272547,326724,0,0,0,0,64330,17.348157894736843,7.831578947368421,0.0,0,,,0.0,,,0.0,0.0,0.0,,0,6,2
bankura,2018,227944.87988630158,166947.55657349998,15605073,134.50266890479386,49.5,206793,429406,65127,427587,606543,54174968,14816569,54759801,325399,55086,79.8,72.84083333333334,104.93916666666667,14263774,4.901584042003339,12.336863510840386,16.563106675745622,110228.52798997141,11.610320088901304,3.471625413094831,0.9494713033383438,3.5091025206995186,1.0940353513733463,0,0,3
bankura,2019,149231.32584974688,110345.774973354,13884305,150.5674179294015,36.166666666666664,302739,532775,19990,441702,618828,36352128,11243690,35652409,212207,67248,72.92583333333333,49.1575,100.55916666666667,14975000,5.014410943548751,11.913259604475485,16.446269695478936,49293.72358690056,10.805572327668145,2.6182173324484013,0.8098129506662379,2.567820931620272,0.9271656093489149,1,1,3
bankura,2020,358998.8021225106,314523.8752633056,22924999,156.29925338691604,37.416666666666664,451852,845138,39220,509093,675994,83441576,23810843,86402735,331712,87486,72.55333333333333,74.1475,100.04333333333334,22929036,5.051772460620859,12.791077116279485,16.947738576106804,79450.528518743,11.282902410530498,3.63976356116744,1.0386409613365741,3.7689308078050514,0.9998239350315469,1,2,3
bankura,2021,359314.1553523101,280087.7992696201,21861668,155.42485445424595,35.083333333333336,431383,811562,32272,547182,731788,65777359,19566444,79243223,303676,67853,61.59833333333333,75.63250000000001,99.9825,17998331,5.046162363717748,12.79195515243,16.90024538729499,83293.53622008982,11.330138234408151,3.008798733930092,0.8950114876870329,3.624756491590669,1.214649736133867,1,3,3
bankura,2022,36822.68682589,28751.39841589,1369228,199.14110626569118,21.666666666666668,55660,77633,29,527197,751295,4407188,1239395,7011423,215122,56398,76.24166666666666,47.76166666666666,100.09583333333335,0,5.294013650160393,10.51389658084137,14.129758365665111,66156.46213778296,11.099792969496638,3.2187393187986224,0.9051779542924918,5.120712547508523,,0,4,3
bankura,2023,7278.98743,48.077749999999995,1389,408.2501860784526,15.5,86,95,0,514127,686327,3930,448,8612,6782,30610,79.49,0.15083333333333335,100.0,0,6.011880187645823,8.89288441454089,7.237059026124737,8463938.872093024,15.951325329096221,2.8293736501079914,0.32253419726421884,6.200143988480922,,1,5,3
bankura,2024,51244.6909,0.0,0,,0.0,0,0,0,428826,686327,0,0,0,0,29967,37.5,0.0,0.0,0,,10.844386813465734,0.0,,,0.0,0.0,0.0,,1,6,3
birbhum,2018,270217.9560572518,190339.6418145948,18378528,140.54312763521588,46.416666666666664,261044,478855,51199,557981,694027,48683084,10142278,54925790,407530,131492,61.7175,54.26083333333333,118.6025,17163475,4.945514399929517,12.506987857699745,16.726693639044854,103514.33323778817,11.547475027939852,2.6489109465132357,0.55185475137073,2.988584831168198,1.0707929483976875,1,0,4
birbhum,2019,170773.3330637884,128168.0647886674,16452628,155.29195959043503,32.583333333333336,386459,588753,13166,573211,731366,30716823,6668348,33228065,428545,163387,67.71166666666666,44.3425,107.75416666666666,20026000,5.045306955410843,12.048098274242042,16.615995840035357,44189.249846371386,10.696259452020804,1.866985809197169,0.4053059486909933,2.019620512905294,0.8215633676220913,1,1,4
birbhum,2020,354392.024680397,293859.83886179,20831951,176.51103554733314,31.083333333333332,496920,760409,19435,609872,783912,55157829,10805285,64087597,978288,165369,67.2325,45.38583333333333,101.60083333333334,20836018,5.1733833987662825,12.778161815466312,16.85199851984031,71317.72210424153,11.174914154040914,2.6477514756059093,0.5186880959925453,3.076408781875495,0.9998048091530733,1,2,4
birbhum,2021,325749.61365712,221487.158042706,16685159,170.04355704310575,26.166666666666668,467727,707017,10592,582001,801030,36602635,7171291,59530775,531870,140602,66.57166666666667,55.74,100.32833333333333,15031437,5.136054622132683,12.693887378813775,16.630030259573235,69645.24469554248,11.151184060963901,2.1937240753893925,0.4298005790655037,3.5678877857861586,1.1100175585341574,1,3,4
birbhum,2022,68343.1144392,60857.8817092,2965530,198.05927544336336,23.916666666666668,109639,154191,97,569197,678747,7398375,1629360,14076018,485568,74907,76.23083333333334,40.235,100.195,0,5.2885663568180785,11.132310729288674,14.90256666375543,62334.67510575616,11.040289175004476,2.494790138693589,0.5494329849976227,4.746543788125563,,1,4,4
birbhum,2023,6416.65676,74.46923,2999,210.27248396662074,23.083333333333332,128,168,0,544455,677395,9953,1332,13185,5417,27294,23.97666666666667,0.3091666666666667,100.0,0,5.348404232334616,8.7668083394045,8.006367567650246,5013013.09375,15.427547907681944,3.3187729243081026,0.44414804934978325,4.396465488496165,,1,5,4
birbhum,2024,83327.37108,0.0,0,,0.0,0,0,0,444190,677552,0,0,0,0,26930,0.0,0.0,0.0,0,,11.330544359363278,0.0,,,0.0,0.0,0.0,,1,6,4
coochbehar,2018,333928.97205823223,191139.7714827999,19914780,144.26989734839356,44.0,262212,425768,63125,531855,634404,66583196,775478,72270695,628351,127926,66.6975,62.015833333333326,114.45083333333334,14308145,4.971685832433158,12.718686585479853,16.80697277780129,127350.75895009848,11.754708292248603,3.3434060531926537,0.03893982258403055,3.6289979100949146,1.3918491879974657,1,0,5
coochbehar,2019,251626.28360760713,129642.3633648,15130103,156.82136432916133,26.833333333333332,336496,459319,8761,529278,642726,38176645,584846,48161576,274531,87894,42.05,53.91416666666667,101.15666666666668,15042000,5.055107350734076,12.435704238340978,16.532196959501654,74778.38773941061,11.222297561006421,2.5232243957625404,0.038654462563804094,3.1831624675654884,1.0058571333599255,1,1,5
coochbehar,2020,443984.00302437175,287688.13775987603,24414484,201.50923035037883,30.75,505451,722798,16777,578465,690704,79448228,894904,88517819,202832,127794,40.275,54.653333333333336,101.40499999999999,24419814,5.30583518852804,13.003546063871772,17.01068716166542,87839.17788754434,11.383274281872731,3.2541432372685,0.036654635010922205,3.6256272710903903,0.9997817346192727,1,2,5
coochbehar,2021,634800.2075409094,284825.723831776,24405784,173.51652731108842,32.0,476375,698719,22218,586873,703575,70815497,879441,90976436,769831,138385,51.05083333333334,56.56583333333333,99.93916666666667,14033710,5.156272853127299,13.361067169870939,17.010330752325935,133256.40672598465,11.800037925668917,2.901586648476443,0.03603412207532444,3.7276588205484407,1.739082822717585,1,3,5
coochbehar,2022,24761.43143,18612.68011,731877,224.7549146161656,18.5,38363,44814,1,576789,661051,4512666,58200,5424593,21644,76143,42.54666666666667,49.23333333333333,100.945,0,5.415010540147869,10.117082921896461,13.50336911238635,64545.08622891849,11.075134762816456,6.165880332350928,0.07952155895047938,7.41189161566766,,0,4,5
coochbehar,2023,5429.81897,0.0,0,,0.0,0,0,0,562861,660592,0,0,0,5081,74107,3.4075,4.291666666666667,0.0,0,,8.599845224759726,0.0,,,0.0,0.0,0.0,,0,5,5
coochbehar,2024,64871.73458,0.0,0,,0.0,0,0,0,468297,660949,0,0,0,0,73782,6.0,0.0,0.0,0,,11.080182700089694,0.0,,,0.0,0.0,0.0,,1,6,5
darjeeling gorkha hill council dghc,2018,123137.784723597,70735.401741,6053679,174.81613753392284,45.5,87690,112490,10637,98879,123709,2898225,13289641,19898875,27270,5609,26.85083333333333,42.528333333333336,,5024590,5.163734778948324,11.721067329353621,15.616176909551989,140423.97619294902,11.852428647864917,0.47875432443642946,2.1952999159684548,3.2870713825427478,1.2048105417556458,0,0,6
darjeeling gorkha hill council dghc,2019,64579.39116102402,31780.0503509,5697247,179.70094777152312,29.666666666666668,89662,113721,7355,103046,131251,1375428,6364101,9841304,24192,7993,24.71166666666667,49.895,111.79083333333334,5467270,5.191294067963268,11.075666101293365,15.5554938091984,72025.37436263303,11.184787641514973,0.24141975940309415,1.1170484621783117,1.7273788550856228,1.0420643209499438,0,1,6
darjeeling gorkha hill council dghc,2020,169809.105143788,102772.7162624,8338849,288.3942958984234,49.416666666666664,109723,139324,22969,117759,149316,4028577,17906070,27761791,53527,9146,18.6975,44.26500000000001,104.66583333333334,8342886,5.664328626776999,12.042436063125056,15.936435875139024,154761.63169416442,11.94964781367222,0.48310947949771005,2.147307140349945,3.329211381570766,0.9995161146874115,0,2,6
darjeeling gorkha hill council dghc,2021,206493.967939063,107782.207169,9138441,165.15032014324868,44.166666666666664,121852,152291,23903,124800,156695,3904643,18258812,28679332,43969,12580,35.887499999999996,57.0325,92.24416666666667,5548586,5.106856090334761,12.238031322752477,16.02800046938186,169462.92874886174,12.040395373414206,0.42727670945186386,1.9980226386535733,3.1383177940307325,1.6469855563201148,0,3,6
darjeeling gorkha hill council dghc,2022,6116.83208,2740.61708,113160,242.38759455794448,16.0,6044,6526,25,122611,128942,105134,351598,608166,9150,10565,44.21666666666667,58.69583333333333,109.04,0,5.490538075319307,8.718963077456111,11.636566862421349,101205.03110522832,11.524913629961203,0.9290738776952987,3.1070873100035348,5.374390243902439,,0,4,6
darjeeling gorkha hill council dghc,2023,,0.0,0,,0.0,0,0,0,121526,127896,0,0,0,220,10293,0.0,0.0,0.0,0,,,0.0,,,0.0,0.0,0.0,,0,5,6
darjeeling gorkha hill council dghc,2024,228.58383999999998,0.0,0,,0.0,0,0,0,116127,127896,0,0,0,0,10272,0.0,0.0,0.0,0,,5.436268278693131,0.0,,,0.0,0.0,0.0,,0,6,6
dinajpur dakshin,2018,88655.32472208492,46530.38615700017,4909113,137.09249306511262,43.083333333333336,75676,124743,14708,194350,288023,8672373,4707850,17239971,755107,97511,72.56333333333333,68.16166666666666,125.69166666666666,4221105,4.920655829891269,11.392522653820205,15.40660403542282,117151.17702056785,11.671229026952076,1.7665865503605234,0.9590021659717346,3.511830141208809,1.1629923918026204,0,0,7
dinajpur dakshin,2019,47268.96440943716,32229.29144692506,4335450,182.65473383662277,33.75,82477,132237,9153,187664,278334,5499639,3347294,10217948,181609,44268,53.85999999999999,62.87,119.14583333333333,4098240,5.207597670434169,10.76363037086627,15.282336199694196,57311.69224079096,10.95627738324909,1.2685278344808497,0.7720753324337727,2.3568367758825497,1.0578809440149919,0,1,7
dinajpur dakshin,2020,91696.45847195669,72123.92654420799,6242049,164.36067973125083,33.0,131643,201525,10503,200900,299596,11136293,6553326,18744462,149966,32654,67.51333333333334,74.50166666666667,100.0075,6246116,5.102063279631206,11.426249942178426,15.646819212033904,69655.40018987465,11.151329865723868,1.7840765107739462,1.049867759769268,3.002934132686238,0.9993488753651069,0,2,7
dinajpur dakshin,2021,97026.61559122872,66569.27930285501,5167358,,28.083333333333332,131175,190512,6049,190814,313939,9293184,5159295,15854118,239258,35044,64.15833333333333,78.3175,99.77916666666665,4077133,,11.482750913783862,15.457872284244168,73967.30748330758,11.21139200319681,1.7984401313011407,0.9984396281426602,3.0681284323633085,1.267399910672524,0,3,7
dinajpur dakshin,2022,17433.0056101,14531.3042701,559143,224.45490638035093,16.666666666666668,31437,39210,12,178283,277898,1804992,892068,3136264,16452,16096,39.49666666666666,50.75333333333333,100.06833333333333,0,5.41367482455842,9.766177923362223,13.23416232182557,55453.78251773388,10.92332323825194,3.2281402074245764,1.595420134026537,5.609055286393642,,0,4,7
dinajpur dakshin,2023,2493.9043500000002,3.8890499999999997,0,,0.0,0,0,0,166888,277898,0,0,0,3267,13971,22.015,0.0,0.0,0,,7.822005670777403,0.0,,,0.0,0.0,0.0,,0,5,7
dinajpur dakshin,2024,4831.26919,0.0,0,,0.0,0,0,0,130822,277900,0,0,0,0,13890,0.0,0.0,0.0,0,,8.483071447913908,0.0,,,0.0,0.0,0.0,,0,6,7
dinajpur uttar,2018,120023.49078025096,62624.1728224,7687834,202.06007950821848,38.333333333333336,126246,206872,13716,247807,475397,10691332,1464517,19564015,224377,56169,54.39000000000001,44.568333333333335,,6500000,5.308565076487673,11.69545109077611,15.855149767383223,95071.12366352277,11.46239107899696,1.3906819528101153,0.19049799982673923,2.5448019559215247,1.1827436923076924,0,0,8
dinajpur uttar,2019,119005.05319849012,75647.29916200001,7606925,175.92393388609185,37.916666666666664,132525,212240,13457,266648,504286,11158469,1393758,21245883,108201,66288,73.06666666666666,71.315,113.56083333333333,7500000,5.170051707786456,11.686929638014176,15.844569706049908,89798.19143443888,11.405331250178918,1.4668830046306491,0.18322226129480704,2.792966014519665,1.0142566666666666,0,1,8
dinajpur uttar,2020,203116.72506640624,161320.3169209,12524060,170.26476350376734,43.0,215008,344208,24941,315327,556362,22968796,2634447,46276792,279937,105749,74.26333333333334,75.80666666666667,101.10083333333334,12528137,5.137354657885327,12.221541016367071,16.343162232064927,94469.38023999397,11.456041627736491,1.8339736475232473,0.21035087663265747,3.695031164015503,0.9996745725242309,0,2,8
dinajpur uttar,2021,226039.90612876028,147359.0623488997,10812443,174.03878647329648,40.833333333333336,200898,316516,16191,309181,608578,18747142,2095158,44271470,475717,136450,67.21416666666666,69.61083333333333,100.06583333333333,8646621,5.159278185139687,12.328471262445532,16.19620825101811,112514.76178397013,11.630848595559259,1.7338488628333115,0.19377285965808097,4.094492798713482,1.2504818934471629,0,3,8
dinajpur uttar,2022,11211.5760601,7988.2213001,213789,336.4495154992429,21.333333333333332,10229,14233,9,280412,525366,533687,31632,1249842,114330,99108,26.368333333333336,30.766666666666666,100.46166666666666,0,5.818448109595374,9.32479128985352,12.272749503794454,109605.78805455078,11.604654586382466,2.496325816576157,0.14795896888988674,5.846147369602739,,0,4,8
dinajpur uttar,2023,2863.3673400000002,1.00593,44,,1.0,24,30,0,257818,509610,0,0,212,2126,84416,1.6283333333333332,0.09916666666666667,100.0,0,,7.96010278102896,3.8066624897703196,11930697.25,16.29462532128004,0.0,0.0,4.818181818181818,,0,5,8
dinajpur uttar,2024,23900.0328,0.0,0,,0.0,0,0,0,187051,509977,0,0,0,0,84348,11.711711711711711,0.0,0.0,0,,10.081676950375051,0.0,,,0.0,0.0,0.0,,0,6,8
hooghly,2018,546461.1317485166,369615.2005632991,32869096,145.7827701628776,48.166666666666664,418824,641788,128287,585751,740056,100556650,22375373,96537473,471056,68697,39.931666666666665,63.73333333333333,106.21166666666666,25843659,4.982117638125545,13.211220291880462,17.308043473404204,130475.12361959118,11.778945528236106,3.0593068333853783,0.6807419650360935,2.9370285389047512,1.271843743178936,1,0,9
hooghly,2019,197927.116274805,91775.17759805999,17751110,154.79000977462061,27.25,439995,613774,17673,599178,749656,29207994,5627965,26640105,274119,49596,38.733333333333334,28.938333333333333,107.26916666666666,18901000,5.042069422733407,12.195659194641241,16.691958663476225,44983.94669821362,10.714083194971415,1.6454178921768836,0.3170486240015413,1.5007571357509475,0.9391624781757579,1,1,9
hooghly,2020,658931.4564612836,529062.4458495305,40377512,199.59637263215367,40.166666666666664,652443,965567,95523,702041,878229,120347765,22533743,115976719,218484,55368,48.22833333333333,77.48083333333334,106.425,40381549,5.2962971905266265,13.39837631424283,17.51378357905624,100994.4863323361,11.522831105045928,2.980564156602814,0.558076560041639,2.872309690602036,0.9999000285996954,1,2,9
hooghly,2021,596323.8551173653,410990.1012615994,29081681,173.33189336432017,30.75,675356,927934,28970,745463,903892,87152497,15998319,91160641,229326,51819,40.10916666666667,66.78333333333335,100.25333333333333,26778619,5.155208215359318,13.298540856478581,17.185619049397065,88297.70596801765,11.388480731535829,2.996817721781626,0.5501167212445526,3.1346413916031883,1.086003762927431,1,3,9
hooghly,2022,40744.1294312,31622.1881112,1460695,191.90050748586836,15.333333333333334,87913,106145,39,739112,840776,6713259,1051014,7723646,45208,37824,37.560833333333335,49.535,102.07249999999999,0,5.256977047543082,10.61509158836481,14.194423592422062,46345.96638858872,10.743911118767665,4.595934811853262,0.7195300867053013,5.287651426204649,,0,4,9
hooghly,2023,8077.62099,6.3765,15,,13.75,1,1,0,730190,839472,0,0,165,102,32928,28.47083333333333,2.7241666666666666,91.66666666666667,0,,8.99697646739498,2.772588722239781,807762099.0,20.509778142439075,0.0,0.0,11.0,,1,5,9
hooghly,2024,64229.08128,0.0,0,,0.0,0,0,0,669811,839738,0,0,0,0,32921,0.0,0.0,0.0,0,,11.07022693570332,0.0,,,0.0,0.0,0.0,,1,6,9
howrah,2018,169111.62266090483,86561.4835898,7840387,157.73973041608508,46.916666666666664,98296,131567,36881,178834,262111,11217572,198221,22818042,273788,38977,48.696666666666665,46.585,117.195,5487600,5.060946398928731,12.038320178232691,15.874798880897929,172043.2394613258,12.055506928894253,1.4307421304586112,0.025282042837936444,2.910320880844275,1.428746082075953,0,0,10
howrah,2019,90606.60331406703,45604.33734580001,5351433,167.94662871619278,30.166666666666668,105000,126359,7608,201443,286222,5145743,92692,13814379,191197,33068,57.074999999999996,42.76416666666666,108.52166666666666,6268000,5.123646242717165,11.414293410298654,15.492875120339765,86292.00315625433,11.36550379795914,0.9615635662447797,0.017320968047250147,2.5814354771890073,0.8537704211869815,0,1,10
howrah,2020,155879.754568517,109298.21056800001,8810032,192.44813495105657,29.416666666666668,188630,237258,14850,258608,378762,9973803,166222,22788423,160139,31482,48.182500000000005,53.38333333333333,103.62666666666667,8814069,5.259826688599692,11.95684660014222,15.99140174364882,82637.83839713567,11.322235047512926,1.1320961149743838,0.01886735485183255,2.5866447477148777,0.9995419822558684,0,2,10
howrah,2021,180294.21929031803,98353.3475489,8405785,184.30299525075932,31.083333333333332,161115,197470,20096,246654,470402,8816346,161425,21681807,123904,36379,40.740833333333335,53.4175,100.79666666666667,4960589,5.216581116582561,12.102350893533815,15.944430836216952,111904.05566850885,11.625406073516318,1.0488426720407433,0.0192040362678798,2.5793910979164942,1.6945134942644915,0,3,10
howrah,2022,35695.004608,32155.612718,1366956,212.55762216019184,18.916666666666668,66618,74208,126,232722,409678,2098344,55568,7656826,126099,31152,45.7075,47.79916666666667,101.1125,0,5.359213114713186,10.4827940457624,14.128097659468843,53581.621495691856,10.888980068659691,1.5350486774994951,0.04065090610085475,5.601369758792528,,0,4,10
howrah,2023,3422.6061,1.68588,0,,0.0,0,0,0,214512,404798,0,0,0,738,18346,0.295,0.0,0.0,0,,8.138449689756072,0.0,,,0.0,0.0,0.0,,0,5,10
howrah,2024,29932.026120000002,0.0,0,,0.0,0,0,0,161738,406511,0,0,0,0,18268,0.0,0.0,0.0,0,,10.306717702317844,0.0,,,0.0,0.0,0.0,,0,6,10
jalpaiguri,2018,236659.0349555646,178757.7699456,17374067,144.33191007479638,42.583333333333336,235144,370581,42337,348614,433439,42268393,15643725,51543378,186156,28306,55.73,65.61333333333333,119.15833333333335,13452530,4.97211557837211,12.374379938642269,16.67048930768867,100644.30092010199,11.519357742646724,2.4328439046539883,0.9004066232736411,2.9666846570811543,1.2915092551363945,1,0,11
jalpaiguri,2019,145718.04163543103,102966.3736451,12933248,167.2387446238511,28.666666666666668,287623,392280,9806,363074,437124,22510959,8568037,27456207,86808,34825,45.81666666666666,55.7575,103.89083333333333,12621000,5.119422400025433,11.889435674347038,16.375311995285575,50662.861327303806,10.832968141087353,1.7405495510485842,0.6624814586405519,2.1229166099652614,1.0247403533792885,0,1,11
jalpaiguri,2020,294827.585397408,238860.3555082,16936713,182.56456870090565,35.166666666666664,324649,468414,16467,376612,450527,46866292,17932749,63076594,139249,37738,49.31833333333333,71.97833333333334,100.3875,16940750,5.207103911550548,12.594149399987957,16.64499424962335,90814.25952256375,11.416582606885388,2.7671421249211696,1.0588092860757574,3.724252397735027,0.9997616988622109,0,2,11
jalpaiguri,2021,271588.8980591679,204419.3895728999,14904298,169.80514060075012,32.666666666666664,302961,439743,10713,368086,457081,39861859,13263938,54939143,119042,43094,57.83166666666667,74.61333333333333,99.81083333333333,11219281,5.134651547863921,12.512048479789271,16.517160252790724,89644.83813400666,11.403622054464394,2.6745210676812823,0.8899404722047292,3.686127518384294,1.3284539356844702,0,3,11
jalpaiguri,2022,33762.867709,30190.514019000002,1209944,216.59100147169457,13.833333333333334,81115,90426,12,356564,412120,4913445,1904587,7721587,14463,32784,44.0925,50.2925,101.93416666666667,0,5.378010789251885,10.42714650698789,14.00608546199438,41623.45769463108,10.636443198840665,4.060886288952216,1.5741116944255271,6.381772214251238,,0,4,11
jalpaiguri,2023,3244.7484,0.0,0,,0.0,0,0,0,345581,404315,0,0,0,86,31786,19.699166666666667,0.10666666666666667,0.0,0,,8.085101234287919,0.0,,,0.0,0.0,0.0,,0,5,11
jalpaiguri,2024,20966.96704,0.0,0,,0.0,0,0,0,300581,404321,0,0,0,0,31776,0.0,0.0,0.0,0,,9.950751173082892,0.0,,,0.0,0.0,0.0,,0,6,11
jhargram,2018,90698.66877667236,41123.7883057,5100541,167.28491903748167,30.583333333333332,108560,169411,7901,180052,241149,5649898,8462850,10514754,156585,41745,42.721666666666664,29.434166666666666,137.75583333333333,5201163,5.1196984606988005,11.415308984240687,15.444857366557622,83547.04198293327,11.333177098475838,1.1077056335788693,1.6592063469345704,2.0614977901363796,0.9806539422048491,0,0,12
jhargram,2019,78354.37947823899,56384.74747080001,5656595,168.1649932749941,31.083333333333332,125689,191206,7988,185750,247592,7022842,11700936,13016107,162509,38021,70.01333333333334,53.14833333333333,110.34166666666665,7499062,5.124945600283145,11.269009905009069,15.548332855830205,62339.886130241306,11.040372767693215,1.2415316988400265,2.068547597980764,2.3010498365182586,0.7543070053294665,0,1,12
jhargram,2020,125425.903728219,100571.7815506,6553304,187.322641747532,34.5,145050,216979,9598,193939,256607,10609163,16839940,20166052,189809,35519,65.18083333333333,62.48416666666666,101.00166666666667,6557341,5.232832487074812,11.73947842745707,15.695480060506346,86470.80574161944,11.367573694604703,1.6189029228615062,2.569686985374095,3.0772343233275916,0.9993843541154868,0,2,12
jhargram,2021,140736.168008007,89197.35296620001,6802617,184.53092701808885,32.5,146106,221586,11864,192640,262842,8647143,12960347,18513564,124982,38623,47.833333333333336,62.54750000000001,100.46999999999998,4568248,5.217817075547197,11.85464937316381,15.732818096052851,96324.70124978235,11.475490449507125,1.2711494708580535,1.9052001604676554,2.721535550215454,1.489108516000007,0,3,12
jhargram,2022,17390.5448836,13895.4778736,535999,226.02617253633318,16.666666666666668,29943,37644,10,184833,237966,972589,1668550,2736781,45024,30964,40.056666666666665,61.666666666666664,103.87333333333333,0,5.420650800249984,9.763739440872325,13.19188944005294,58078.83272751561,10.969573769458643,1.8145351017445928,3.1129722256944508,5.105944227507887,,0,4,12
jhargram,2023,2591.7146199999997,0.0,0,,0.0,0,0,0,173353,231017,0,0,0,88,23790,95.38499999999999,0.0,0.0,0,,7.860460721633802,0.0,,,0.0,0.0,0.0,,0,5,12
jhargram,2024,,0.0,0,,0.0,0,0,0,143162,231017,0,0,0,0,23787,0.0,0.0,0.0,0,,,0.0,,,0.0,0.0,0.0,,0,6,12
kalimpong,2018,63619.91065773,38938.07574,3854648,193.89137290029058,50.083333333333336,42085,64504,20253,45088,52534,1397677,7410867,11492586,11709,2144,12.0075,23.293333333333333,113.91416666666667,3435348,5.267298068738365,11.060697479217195,15.164790510250553,151170.03839308542,11.926167179361203,0.3625952356739189,1.9225794417544741,2.9814878038150305,1.1220545924313927,0,0,13
kalimpong,2019,42889.02005130796,20499.4395,3942690,200.82582271813115,41.25,45081,66554,14867,48102,57218,832170,4169332,6482192,18569,2300,47.85583333333333,8.274166666666668,95.27999999999999,3568240,5.302437978743287,10.666394445016248,15.18737404306309,95137.68561324717,11.463090954600187,0.2110665560822687,1.057484103492793,1.644103898607296,1.1049396901553707,0,1,13
kalimpong,2020,102877.55165839283,60633.45325,4893010,202.32307511373585,60.5,52834,74424,30010,54909,63220,2210992,10431554,16331915,19417,2559,22.013333333333332,40.093333333333334,106.91333333333334,4897047,5.309865801503497,11.54130446140183,15.403318418378278,194718.46095013217,12.179315139884183,0.45186745990709193,2.1319298346007876,3.3378053590734535,0.9991756256372463,0,2,13
kalimpong,2021,115950.562745776,57991.501498,4991556,353.61541962056714,55.25,55924,75985,25983,56202,65022,1920538,9484585,15418375,13367,4015,41.31,67.4175,100.08749999999999,2818242,5.868209937336936,11.660927820348576,15.423258443106418,207335.96085003935,12.242100578961436,0.3847573782604062,1.9001259326751017,3.0888915199989744,1.771159467497823,0,3,13
kalimpong,2022,13650.00618,13013.001349999999,578332,202.83193482145475,44.416666666666664,11781,14713,528,55538,56495,425522,1698528,3378772,170,4531,87.86916666666667,93.84333333333335,100.06916666666666,0,5.312377728853803,9.521568510716962,13.267905106325944,115864.58008658008,11.660186005812443,0.7357746069731573,2.9369427941044246,5.842270529730328,,0,4,13
kalimpong,2023,471.101,0.0,0,,0.0,0,0,0,55260,55953,0,0,0,0,4520,0.0,0.0,0.0,0,,6.157192945745296,0.0,,,0.0,0.0,0.0,,0,5,13
kalimpong,2024,829.84893,0.0,0,,0.0,0,0,0,53777,55953,0,0,0,0,4520,0.0,0.0,0.0,0,,6.722447985308637,0.0,,,0.0,0.0,0.0,,0,6,13
maldah,2018,260731.49427773,106415.6656385,11814720,126.60975378628332,54.166666666666664,150234,250057,41516,381827,694563,19184495,6060224,36646227,256656,79922,61.495000000000005,66.3275,116.99083333333334,10590403,4.84110955086779,12.471250234569908,16.28485685427439,173550.25778301182,12.064228268644897,1.6237790654370141,0.512938436120365,3.101743164459251,1.1156062710739147,1,0,14
maldah,2019,273414.0318578785,121747.4198339,16520450,149.2600731053711,33.833333333333336,314139,433159,13782,474574,789092,15965930,5809427,42153886,232083,148198,72.96833333333333,67.62583333333333,124.43333333333334,10313033,5.005690241488537,12.518746182952524,16.62010962592659,87036.00376199023,11.37408863780689,0.9664343283627262,0.35165065116264993,2.5516185091810453,1.6019002363320276,1,1,14
maldah,2020,548810.2662284544,302108.8075215,22943402,181.92512089248376,39.333333333333336,434994,590078,18802,573981,902692,31306361,12427415,92699019,1206038,140780,74.0975,44.221666666666664,102.46083333333333,22948818,5.203595178751185,13.215509884025035,16.948541002168483,126165.0197999178,11.745353936097155,1.364503877846886,0.5416552872150346,4.040334515343453,0.9997639965596485,1,2,14
maldah,2021,468376.8394644325,200332.6893386,16431364,194.42092547161042,32.25,371301,491258,8954,537717,964725,14483033,4847241,54871048,220783,105625,47.98416666666666,42.388333333333335,105.9925,11075197,5.270025527548296,13.057030598451634,16.614702566294717,126144.78266000698,11.745193522357036,0.8814260946321925,0.29499930742207403,3.33940919329643,1.4836182146466559,1,3,14
maldah,2022,49052.728565,43721.476185,2079190,225.39099185204273,23.5,74043,84831,24,518075,731197,1649873,493832,12330244,207539,101151,37.094166666666666,19.595833333333335,104.05916666666667,0,5.417836635643084,10.800671477700801,14.54748943371213,66248.97500776575,11.101190366607126,0.7935171869814688,0.23751172331532952,5.9303113231595,,1,4,14
maldah,2023,4567.02808,80.40004,3760,178.63153526744182,14.916666666666666,236,236,0,479327,722609,1269,1992,30753,1349,73563,4.819999999999999,1.455,141.34,0,5.185325222102478,8.426836898427286,8.232440158470336,1935181.3898305085,14.475712138314325,0.3375,0.5297872340425532,8.178989361702127,,0,5,14
maldah,2024,20848.324520000002,0.0,0,,0.0,0,0,0,334524,722772,0,0,0,0,73561,0.0,0.0,0.0,0,,9.945076829579847,0.0,,,0.0,0.0,0.0,,0,6,14
murshidabad,2018,349397.931556955,176887.3549734,18227916,126.84699060714861,64.08333333333333,211321,400431,99504,614405,1204290,16494815,1942659,56165741,1064760,161768,74.61416666666666,53.63999999999999,119.82666666666667,14631521,4.842981561736663,12.763969618740827,16.718464877921267,165339.90069938859,12.01576468635073,0.9049205076433312,0.10657603425427241,3.081303479783427,1.2457977540407452,1,0,15
murshidabad,2019,252599.926863873,166813.4594689,16011627,193.14242813692883,44.75,282657,357770,10348,689179,1271575,14782875,2324903,30304396,667297,203260,66.31916666666666,18.663333333333334,104.57,16709024,5.2634278863605894,12.439566158186622,16.58882576624915,89366.23783025822,11.40050942677302,0.9232587668948321,0.14520092180513572,1.8926493853497837,0.9582622539772521,1,1,15
murshidabad,2020,378924.857148926,265617.9902435,19075901,172.6922722581887,33.5,420341,559585,13689,748022,1371224,19301113,2805456,46668493,1291603,198801,78.62583333333333,49.04416666666666,100.8675,19080276,5.151511237528362,12.8450958373516,16.763936421041702,90147.01329371297,11.409208190603968,1.0118061002727996,0.14706807295760238,2.446463367575665,0.9997707056229166,1,2,15
murshidabad,2021,287197.810882388,197580.1483372,16217556,171.11710869364717,34.833333333333336,351873,461937,9734,682189,1454385,8479919,1051876,35089511,926255,182283,76.43583333333333,38.07333333333333,99.78083333333332,12235383,5.14234816826422,12.567929975765978,16.601604978784923,81619.73521196227,11.309838616661965,0.5228851375632678,0.06486032790637504,2.1636744155531202,1.3254636981940002,0,3,15
murshidabad,2022,67599.256097,58570.434187,2840122,202.18098329768358,26.583333333333332,91953,103720,29,622338,1240587,2419809,363024,9107666,461021,162691,71.85166666666667,27.471666666666668,101.64333333333333,0,5.309163253190609,11.12136705044104,14.859357919058699,73515.00885996108,11.20525846910281,0.8520088221562313,0.1278198612594811,3.206786891549025,,1,4,15
murshidabad,2023,7932.14975,423.74244,18620,190.81250208248878,28.0,630,633,0,537189,1232671,5183,360,71156,19862,107758,22.52,1.4666666666666668,100.0,0,5.251291281408893,8.978805429967402,9.832045255081763,1259071.388888889,14.04588580850535,0.2783566058002148,0.01933404940923738,3.821482277121375,,1,5,15
murshidabad,2024,79391.04325,0.0,0,,0.0,0,0,0,328032,1232721,0,0,0,0,106885,0.0,0.0,0.0,0,,11.282153431256594,0.0,,,0.0,0.0,0.0,,1,6,15
nadia,2018,159655.85392798984,100843.1890675,12824504,119.33943955992682,46.833333333333336,158138,275275,51261,485703,718091,19819787,2107935,38136886,383924,53429,55.595,49.83416666666667,119.08999999999999,12000000,4.78197186592007,11.980782128182835,16.366868351785016,100959.82871162519,11.522487886057766,1.5454622650513423,0.16436776034379186,2.9737513435217457,1.0687086666666668,0,0,16
nadia,2019,74570.351581121,42932.5199444,7357296,218.13083879872792,23.083333333333332,165571,228714,7029,457592,732724,6269587,815568,12117984,206674,47612,40.305,30.897499999999997,107.815,11723000,5.385095060730135,11.219511685371854,15.811203167815483,45038.292684782355,10.715290558533564,0.8521591356389631,0.1108515954774689,1.6470703367106612,0.6275949842190566,0,1,16
nadia,2020,166492.124962767,137655.3102601,12712533,155.00777256724174,30.333333333333332,287568,400382,15809,458015,787566,18500247,2063650,36035246,293268,65326,61.31916666666667,54.115833333333335,101.10083333333334,12719435,5.0434752612571065,12.022709296035204,16.358098993868317,57896.610527863675,10.966431393760686,1.4552762222918123,0.16233192865654705,2.8346235954707057,0.9994573658342528,0,2,16
nadia,2021,199178.871333908,136547.4943174,10434352,158.17101615161434,30.083333333333332,263948,351531,5913,420546,875449,14603294,1687813,33883821,237863,61746,49.7275,50.67666666666667,100.42,9728706,5.063676828381734,12.201963571506449,16.16061409369624,75461.40578216467,11.23138987456542,1.3995400960212958,0.1617554209403708,3.2473335191298895,1.0725323593908584,0,3,16
nadia,2022,40875.7668207,33140.5373407,1622374,180.40126983460368,17.083333333333332,85791,99394,15,384994,765300,3196123,401637,8055174,241561,45280,56.251666666666665,47.4675,100.08416666666666,0,5.195183646598227,10.618317132236637,14.29940168299006,47645.751676399625,10.771569736273843,1.9700284891153335,0.2475612898135695,4.965053680593994,,1,4,16
nadia,2023,6914.97547,28.9062,1263,191.0221869639089,16.75,73,75,0,359615,764452,345,0,7305,2103,24043,78.895,0.0,100.0,0,5.25238958341504,8.841589299949002,7.142036574706803,9472569.136986302,16.06391082612157,0.27315914489311166,0.0,5.783847980997625,,1,5,16
nadia,2024,59543.76939,0.0,0,,0.0,0,0,0,260685,764488,0,0,0,0,23808,0.9166956521739129,0.0,0.0,0,,10.994483735325337,0.0,,,0.0,0.0,0.0,,1,6,16
paschim bardhaman,2018,45106.084756745,34615.84051576,3447786,133.04504221055547,39.583333333333336,53070,87057,9091,91617,134208,12860467,3279491,11647794,51501,7785,49.23,61.028333333333336,113.64666666666666,3158126,4.890687734125563,10.716794603103436,15.053243133915576,84993.56464432823,11.350342588067017,3.730065323079797,0.9511875156984801,3.378340187006966,1.0917189497822444,0,0,17
paschim bardhaman,2019,29551.53689772001,20893.36554110001,3011010,150.03390950444958,38.166666666666664,59467,86610,4619,91551,137180,7811064,2245002,6968917,64919,10425,65.535,28.165833333333335,100.14666666666666,3572000,5.010861331910781,10.29392487017193,14.917786460728536,49694.0099512671,10.813659803648934,2.5941674056213695,0.745597656600277,2.3144781983454057,0.8429479283314669,0,1,17
paschim bardhaman,2020,54452.36120773,47886.850845299996,4011695,152.08560967755983,37.083333333333336,72433,109150,11177,95359,150204,16444404,4943960,14798940,78143,9393,68.11749999999999,69.235,100.00166666666667,4015732,5.024443583859435,10.905099856625391,15.204724652511114,75176.17827196167,11.227602983452385,4.099116208983983,1.2323868090669905,3.6889494340920734,0.9989947038298372,0,2,17
paschim bardhaman,2021,51515.825167957,38392.93045,3318786,143.36957443011542,34.666666666666664,69674,103419,5950,97700,163842,12500119,4009832,12886386,21950,5848,53.221666666666664,69.91416666666667,100.0,2652620,4.965425732920894,10.849663735586683,15.015109912686134,73938.37754105836,11.211000814022112,3.766473342963361,1.2082225247424812,3.8828613836505275,1.251135104161169,0,3,17
paschim bardhaman,2022,7542.1218143999995,4611.6252644,250086,169.4337542958901,15.833333333333334,14094,17142,6,93109,141906,1191631,501442,1385163,19619,4665,45.6225,43.155,100.22666666666667,0,5.132462020313769,8.928391409053736,12.429564136306428,53512.997122179644,10.8876985271173,4.764884879601417,2.0050782530809403,5.538746671145126,,0,4,17
paschim bardhaman,2023,2521.35684,3.1428000000000003,30,,15.0,2,2,0,87540,140106,180,0,360,60,2608,0.0,0.0,100.0,0,,7.832948997396228,3.4339872044851463,126067842.0,18.652330756518765,6.0,0.0,12.0,,0,5,17
paschim bardhaman,2024,7867.15071,0.0,0,,0.0,0,0,0,69781,140168,0,0,0,0,2608,0.0,0.0,0.0,0,,8.970578334129769,0.0,,,0.0,0.0,0.0,,0,6,17
paschim medinipur,2018,313750.33446547994,214273.4515174,20550561,145.62197526796672,48.583333333333336,256093,477601,101066,553052,741394,36039627,15163511,57661767,547356,79476,61.5,58.23333333333333,122.33583333333333,17888301,4.981014053412177,12.656356022695515,16.838398846464443,122514.21728258091,11.715990523966862,1.7537052638125061,0.7378636038208397,2.8058488038355742,1.148826878528039,1,0,18
paschim medinipur,2019,246954.786851441,183686.9538916,20093754,162.08989321446563,36.25,391416,643000,44079,576405,764596,28510019,12598445,48813449,261093,87662,57.17083333333333,60.93666666666667,131.11083333333332,22500000,5.088151077719904,12.41696459898614,16.81591962823573,63092.66531042191,11.052375652212772,1.4188498077561813,0.6269831411293281,2.429284692148615,0.8930557333333333,1,1,18
paschim medinipur,2020,577616.7511144,494600.3852199,34217387,181.3082358853915,40.416666666666664,605040,996340,86716,687774,877985,62459743,27816149,104215502,391899,112084,50.939166666666665,61.74166666666667,102.21083333333333,34221424,5.2001985435651745,13.2666675986273,17.34824449388327,95467.53125651197,11.466551956527995,1.825380266470961,0.812924405946018,3.0456884974881335,0.9998820329627429,1,2,18
paschim medinipur,2021,570275.252322851,388848.1546686,28956288,183.12870982596283,34.25,579107,907282,50339,711991,962236,41219509,17987835,82018760,461668,138319,51.255,61.25833333333333,100.20416666666667,20439027,5.2101892380014245,13.253876175602288,17.181297975005673,98474.93681182423,11.497567500988314,1.4235080477166133,0.6212065234328378,2.8325025638645394,1.4167155804432374,1,3,18
paschim medinipur,2022,117793.2997496,107935.0396596,4639927,211.68174171945773,20.083333333333332,213672,276849,226,707971,892013,8637672,3829086,24328964,300842,122378,52.968333333333334,48.72416666666667,104.74083333333334,0,5.355083928410354,11.676695159806416,15.350209406840666,55128.09340933768,10.917432866850977,1.861596529428157,0.8252470351365442,5.2433936999439865,,1,4,18
paschim medinipur,2023,9026.00547,345.82642,7626,421.0309034439781,29.916666666666668,241,401,0,691990,888463,28780,297,35392,8497,88839,28.0725,1.2383333333333333,100.0,0,6.042706235843432,9.10797597125787,8.939449862164238,3745230.4854771784,15.135993984899597,3.7739312876999738,0.03894571203776554,4.640965119328612,,1,5,18
paschim medinipur,2024,63672.1584,0.0,0,,0.0,0,0,0,589516,888485,0,0,0,0,87860,10.3196875,5.115833333333334,0.0,0,,11.061518377560548,0.0,,,0.0,0.0,0.0,,1,6,18
purba bardhaman,2018,628804.7050727264,417326.8503367999,34215924,154.27045903043503,53.583333333333336,411594,703154,169093,768212,907453,114286658,22427333,109246834,701873,124687,50.15083333333333,63.1775,109.1125,25631661,5.038707289519746,13.351577593008784,17.3482017369295,152773.04943044027,11.936715307720787,3.3401599208602404,0.6554647771604823,3.1928652284825043,1.3349085726438095,1,0,19
purba bardhaman,2019,280781.339207867,147488.0095875,20145785,160.23256016226125,29.416666666666668,534481,727176,16511,770066,917441,36272491,8690709,38556866,353374,101370,46.2075,31.83583333333333,112.0175,23454000,5.076626260937833,12.545335054596968,16.818505692972273,52533.455671551834,10.869224531815782,1.8005002535269785,0.4313909336369866,1.9138924593903885,0.8589487933827918,1,1,19
purba bardhaman,2020,424010.04451126157,333264.9569568997,24268486,178.51716196218106,24.25,707607,977394,12755,807318,961204,68170787,13958282,69817754,643398,103449,43.44833333333333,59.01416666666666,100.70666666666666,24272618,5.184684742044409,12.957514782250458,17.00468923542168,59921.68597982518,11.000810443284992,2.8090251283083747,0.5751608073120013,2.876889559571207,0.999829767023895,1,2,19
purba bardhaman,2021,530582.177002573,313406.85054788,21530268,169.55935903515234,24.0,676116,921103,7812,814633,989370,55958652,11277907,68275661,265279,100586,41.865833333333335,56.498333333333335,100.79416666666667,20546124,5.133203066311877,13.18173201457171,16.88497036345664,78475.02159430823,11.27054839971154,2.5990689944036,0.5238163779475481,3.1711477534789627,1.047899253406628,1,3,19
purba bardhaman,2022,52478.1049164,40945.0133064,1985124,201.44823932254909,20.0,86132,103776,31,798226,917030,5583651,1426491,8404044,396741,80355,54.15,26.915833333333335,101.02,0,5.3055324715770675,10.868170367763678,14.501192442412949,60927.535545906285,11.017456907928358,2.812746710029197,0.718590375210818,4.233510853730044,,1,4,19
purba bardhaman,2023,8478.45881,64.0282,2162,249.64062138591078,25.25,82,92,0,776615,914285,3486,3279,8517,35301,35603,16.2575,0.0,100.35000000000001,0,5.520022369190732,9.045401907173922,7.679251425953058,10339583.914634146,16.151490282586376,1.612395929694727,1.5166512488436632,3.93940795559667,,1,5,19
purba bardhaman,2024,,0.0,0,,0.0,0,0,0,669981,914311,0,0,0,228,30168,4.360597014925373,0.0,0.0,0,,,0.0,,,0.0,0.0,0.0,,0,6,19
purba medinipur,2018,486252.3482951471,268731.9034227998,26497973,147.1713742859294,45.666666666666664,348486,625747,86511,579315,786280,25540873,806957,92989962,744345,271361,61.03,55.19,137.835,15790663,4.9915977192171495,13.094485059845114,17.092578835203597,139532.82148928425,11.846062298809661,0.9638802560482645,0.030453536955449386,3.5093235999598913,1.6780785581960682,1,0,20
purba medinipur,2019,372737.2990603622,164757.09229220002,16813000,162.6583901587554,35.0,319691,501088,26229,590907,816618,13805105,376376,50448040,1166058,238202,48.987500000000004,46.98666666666667,113.93833333333333,15073000,5.091652235719012,12.828631841283476,16.637663014138848,116592.99106335876,11.66645301695101,0.8210970677451972,0.02238601082495688,3.0005376791768277,1.1154382007563193,1,1,20
purba medinipur,2020,431126.212732947,279828.404357,22460317,179.5089884834882,38.083333333333336,439499,671734,31732,648108,929765,17579043,654792,67400389,1167411,170353,65.92833333333333,38.845,103.85166666666667,22464813,5.190225281791543,12.97415848268859,16.927260665678347,98094.92461483348,11.493701101518582,0.7826711884787735,0.02915328398971395,3.0008654374735673,0.9997998647929988,1,2,20
purba medinipur,2021,442803.5742626916,246801.67118469998,20576622,186.71680208822616,35.916666666666664,380845,601872,28147,663349,999276,11136281,425375,57636344,1244677,224046,61.11833333333334,42.72416666666667,100.79833333333333,12906990,5.229593041614729,13.000883810076477,16.839666183554893,116268.71148700693,11.663667870254285,0.5412103599900897,0.020672732385325444,2.8010595713912614,1.5942231302573258,1,3,20
purba medinipur,2022,56764.5305144,47073.7800744,2154493,203.86185634649848,26.083333333333332,76546,102057,51,613300,918316,1660213,43592,10234387,465641,127745,58.75666666666667,33.2175,100.08583333333333,0,5.317442589685752,10.946684563356072,14.583066451165273,74157.40928905495,11.213958750293601,0.7705817563575282,0.0202330664337271,4.750253075781634,,1,4,20
purba medinipur,2023,8394.971107,29.771557,1224,205.7519572234255,26.25,45,54,0,558310,918126,490,0,5878,5930,81555,6.2575,0.030833333333333334,100.0,0,5.326671352140977,9.03550723965304,7.110696122978827,18655491.34888889,16.741651156617664,0.40032679738562094,0.0,4.802287581699346,,1,5,20
purba medinipur,2024,100726.97398,0.0,0,,0.0,0,0,0,386183,918271,0,0,0,90192,80949,0.0,0.0,0.0,0,,11.520178835362069,0.0,,,0.0,0.0,0.0,,1,6,20
purulia,2018,100589.11151515499,82836.23010345997,8499990,133.67798116299008,43.5,131265,240174,18774,304759,513373,12576494,13836518,26133860,412159,70281,81.77083333333333,52.8825,113.50333333333333,9345388,4.89543378216076,11.518809236738516,15.955575662636456,76630.56528027654,11.246764350224272,1.4795892701050237,1.627827562150073,3.0745753818533905,0.9095384803712805,0,0,21
purulia,2019,119339.13117217089,101368.6742895839,11729157,151.1618238025886,37.083333333333336,203461,342871,18229,323170,527579,12875826,14968528,29416288,220805,81314,79.03666666666666,63.23166666666666,104.71916666666665,12023000,5.018350943786833,11.6897329402222,16.277588436297044,58654.54862217864,10.979437455270533,1.0977622688484774,1.2761810588774625,2.5079626779656885,0.9755599268069534,0,1,21
purulia,2020,216741.8808437463,188394.8030422843,15097207,161.77325437935946,39.166666666666664,283694,478167,22323,369820,579525,22753592,26002836,49925793,552568,85777,79.2975,58.475,101.1825,15101362,5.086195690462362,12.286467049091828,16.530020384026667,76399.88185994286,11.243749517757404,1.5071391681918385,1.7223606989027838,3.3069555845660723,0.9997248592544169,0,2,21
purulia,2021,217393.661028996,159396.193967997,13230906,182.9754646281476,34.916666666666664,262545,427614,12685,375316,626507,14082771,16666542,39089435,270375,91520,74.39166666666667,52.49,100.75999999999999,9298379,5.209352070782591,12.2894696950834,16.398066090052676,82802.43806928184,11.32422486208718,1.0643844797929938,1.2596674785536228,2.954403500410327,1.4229260820622605,0,3,21
purulia,2022,46568.926162100004,40401.3037721,2016269,212.6813383969684,26.5,65493,86350,52,356165,541369,1798457,2890954,7851228,411939,77884,74.88,26.5725,100.26916666666666,0,5.359794981624463,10.74871025045015,14.516759827777195,71105.19622264976,11.171929759992054,0.8919727476839648,1.4338136429216537,3.893938755195859,,1,4,21
purulia,2023,6484.97091,1122.94156,43742,218.83803675283625,24.416666666666668,1738,2010,0,333652,524953,37797,67889,222480,25045,25222,0.22583333333333333,0.0,100.39999999999999,0,5.388331898002196,8.777396801812493,10.686086878984394,373128.36075949366,12.82968045018833,0.8640894334964108,1.5520323716336701,5.086187188514471,,1,5,21
purulia,2024,63682.23444,0.0,0,,0.0,0,0,0,251062,525108,0,0,0,74,24060,0.0,0.0,0.0,0,,11.061676611313818,0.0,,,0.0,0.0,0.0,,1,6,21
siliguri mahakuma parisad,2018,24276.049980252,13706.144,1503289,156.46981985777825,38.25,23729,30076,5622,70294,98207,3649540,2196567,5048509,21723,4499,43.02583333333333,37.08583333333333,106.58833333333332,1321928,5.052863147024099,10.097286737802092,14.223166597561605,102305.40680286569,11.535727577572686,2.4277035220772585,1.4611741321861598,3.3583090144343504,1.1371943101288422,0,0,22
siliguri mahakuma parisad,2019,19509.779667301,14727.6356911,1385162,161.22929169077463,36.166666666666664,28762,35676,3344,63632,99845,3886811,2323475,5332426,21768,2621,46.6225,49.0875,99.95083333333332,1289131,5.08282752380576,9.878722395263631,14.141328380209393,67831.79079097768,11.124800996997287,2.806033518101132,1.677403076318871,3.8496767887077468,1.074492817254414,0,1,22
siliguri mahakuma parisad,2020,29408.108931295,23492.7161891,1795976,174.00023872244415,27.833333333333332,47113,54853,3666,68265,118210,5901312,3641704,7768350,6953,2552,58.12083333333334,67.98666666666666,102.34250000000002,1800005,5.1590566711816574,10.289059732935183,14.4010597215262,62420.37002800713,11.041662964126154,3.285852372192056,2.0277019292017266,4.325419716076384,0.997761672884242,0,2,22
siliguri mahakuma parisad,2021,27735.510237397,22092.295888,1719387,,26.75,48912,57299,3412,73897,127597,4716062,3589507,6952189,8379,2946,55.284166666666664,74.06166666666667,99.9975,1166727,,10.23050488340985,14.357478971519344,56704.919523628145,10.945633885035917,2.7428740591850467,2.0876667091236585,4.043411401854265,1.4736840751949685,0,3,22
siliguri mahakuma parisad,2022,4050.88247,2936.27473,116420,214.99842399814062,14.666666666666666,7279,7633,0,70930,116501,692745,342685,984013,3741,2812,65.075,68.32916666666667,100.0,0,5.37063069785959,8.30693685951849,11.664968210378253,55651.63442780602,10.926884694807054,5.9503951211132105,2.9435234495791103,8.452267651606252,,0,4,22
siliguri mahakuma parisad,2023,1007.87118,0.0,0,,0.0,0,0,0,66280,116298,0,0,0,158,2347,26.400833333333335,0.0,0.0,0,,6.91658734124163,0.0,,,0.0,0.0,0.0,,0,5,22
siliguri mahakuma parisad,2024,6088.48865,0.0,0,,0.0,0,0,0,50505,116316,0,0,0,0,2336,0.0,0.0,0.0,0,,8.7143193916614,0.0,,,0.0,0.0,0.0,,0,6,22
